"","JHLLT","JLKMOVE","JHSPRBQ","JGHQD","JGHQF","JGHQH","JHSCANB","JHSCNTB","JHSCAND","JHSCNTD","JHSCANF","JGHQC","JVOTE7","JLFSATO"
"1",2,2,1,2,2,2,2,1,2,1,1,3,1,4
"2",2,2,1,1,1,1,2,1,2,1,1,2,3,6
"3",2,1,2,2,2,2,2,2,2,2,2,2,1,5
"4",2,2,2,2,2,2,2,1,2,1,1,2,1,7
"5",1,2,2,2,2,1,2,1,2,1,1,3,1,1
"6",1,2,2,2,2,2,2,1,2,1,1,2,1,6
"7",2,2,2,2,2,2,2,1,2,1,1,2,1,5
"8",2,1,2,3,2,2,2,2,2,1,2,2,1,4
"9",2,2,2,1,2,2,2,2,2,2,1,2,2,3
"10",1,2,2,4,3,3,2,1,2,1,2,3,2,1
"11",2,1,1,3,3,3,2,2,2,2,2,2,1,6
"12",1,2,1,2,2,3,2,2,2,2,2,1,3,5
"13",2,1,1,2,3,3,2,2,2,2,2,2,3,6
"14",1,1,1,2,2,2,2,2,2,1,1,2,1,4
"15",1,2,2,1,1,2,2,1,2,1,1,1,1,6
"16",2,1,2,2,2,3,2,1,2,2,1,3,1,7
"17",2,1,2,2,2,2,2,1,2,2,2,2,2,4
"18",1,1,1,3,3,3,2,2,2,2,2,3,1,5
"19",2,2,1,2,3,3,2,2,2,2,2,3,1,4
"20",2,1,2,2,1,2,2,1,2,2,1,2,1,5
"21",2,1,2,2,2,2,2,1,2,2,1,2,1,7
"22",2,1,2,2,3,1,2,1,2,2,2,2,2,3
"23",2,1,2,1,1,1,2,1,2,2,2,1,1,5
"24",2,2,2,2,1,2,2,1,2,2,2,1,2,5
"25",1,1,2,2,2,2,2,2,2,2,2,2,1,5
"26",2,1,2,2,2,2,2,1,2,1,2,2,1,5
"27",2,1,2,3,3,3,2,1,2,1,2,3,3,5
"28",2,1,2,2,2,2,2,1,2,1,2,2,2,4
"29",2,1,2,2,1,2,2,2,2,2,1,2,1,6
"30",2,1,2,2,1,2,2,2,2,2,1,2,1,6
"31",2,2,2,2,2,2,2,2,2,2,1,2,2,4
"32",1,1,2,2,2,2,2,1,2,1,1,2,1,7
"33",2,2,2,2,2,2,2,1,2,2,1,2,1,7
"34",1,2,2,2,2,2,2,1,2,2,1,2,1,5
"35",2,1,1,2,3,2,2,1,2,1,1,2,2,5
"36",1,1,2,2,2,2,2,1,2,1,1,2,1,6
"37",2,1,2,1,2,1,2,1,2,1,2,2,1,5
"38",2,2,1,2,1,2,2,2,2,1,2,2,1,5
"39",2,2,2,2,2,2,2,1,2,2,2,1,2,5
"40",2,2,2,2,2,2,2,1,2,1,2,4,1,4
"41",1,1,2,2,1,1,2,1,2,1,2,2,1,5
"42",1,1,2,2,2,2,2,1,2,1,2,2,1,5
"43",2,1,2,3,3,3,2,2,2,2,1,3,1,6
"44",2,1,2,2,1,2,2,2,2,2,1,2,1,7
"45",1,2,2,2,2,2,2,2,2,1,2,3,2,1
"46",2,1,2,3,4,4,2,2,2,1,2,3,1,1
"47",2,2,2,1,1,2,2,2,2,1,2,2,1,5
"48",1,1,2,2,1,2,2,2,2,1,2,2,1,7
"49",2,1,2,2,1,2,2,2,2,2,2,2,1,5
"50",2,1,2,2,1,2,2,2,2,2,2,2,1,6
"51",2,2,2,1,1,2,2,2,2,2,2,1,1,5
"52",2,1,1,2,3,3,2,1,2,1,1,3,2,2
"53",2,2,1,2,2,3,2,1,2,1,1,3,2,5
"54",1,1,1,2,2,2,2,1,2,1,1,2,2,4
"55",2,2,1,1,2,2,2,1,2,1,1,1,2,4
"56",1,1,2,3,4,3,2,2,2,1,2,2,2,3
"57",2,1,2,2,2,2,2,2,2,1,2,2,2,4
"58",2,1,2,1,4,2,2,1,2,1,1,1,2,2
"59",1,1,2,3,3,3,2,1,2,1,1,3,2,3
"60",2,1,2,2,2,2,2,1,2,1,1,2,2,5
"61",2,1,1,2,1,2,2,1,2,2,1,2,1,7
"62",1,2,2,2,2,2,2,2,2,2,2,2,1,5
"63",2,2,2,2,1,2,2,2,2,2,2,2,1,6
"64",1,1,2,3,3,4,2,1,2,2,2,3,2,4
"65",2,1,2,2,1,2,2,2,2,2,2,2,1,7
"66",2,1,2,2,1,2,2,2,2,2,2,2,1,7
"67",2,1,2,2,1,2,2,2,2,2,2,2,2,7
"68",2,1,2,2,2,1,2,2,2,2,2,2,1,5
"69",1,2,2,2,3,2,2,2,2,1,2,3,1,2
"70",1,2,2,2,2,2,2,1,2,1,2,2,3,2
"71",2,1,2,2,2,2,2,1,2,1,2,2,1,4
"72",1,1,1,2,3,2,2,1,2,1,2,2,2,6
"73",2,1,1,1,2,1,2,1,2,1,2,1,1,6
"74",1,1,1,2,1,2,2,2,2,1,2,2,1,5
"75",2,1,1,4,2,2,2,1,2,1,2,4,1,4
"76",2,1,2,2,2,2,2,1,2,1,2,2,1,7
"77",1,2,2,2,3,3,2,1,2,1,2,2,2,3
"78",1,1,1,2,2,2,2,1,2,1,2,2,1,7
"79",2,1,2,2,2,3,2,2,2,1,2,2,2,6
"80",1,1,2,2,2,2,2,2,2,1,2,2,2,4
"81",1,1,2,2,3,4,2,2,2,1,2,4,1,2
"82",2,1,1,2,1,2,2,1,2,2,1,2,2,7
"83",1,1,2,2,2,2,2,1,2,1,2,2,1,3
"84",2,2,2,2,2,2,2,1,2,1,2,3,1,1
"85",1,2,2,2,2,2,2,1,2,1,2,2,2,4
"86",2,2,2,1,1,1,2,1,2,1,2,1,2,6
"87",2,1,1,2,3,2,2,1,2,1,1,2,1,6
"88",2,1,1,2,2,2,2,1,2,1,1,2,1,6
"89",1,2,1,2,3,2,2,1,2,1,2,3,1,4
"90",2,1,2,3,2,2,2,2,2,2,1,2,2,5
"91",1,1,2,2,2,2,2,2,2,2,1,2,1,5
"92",2,2,2,2,3,3,2,1,2,2,2,3,1,1
"93",1,1,2,2,2,2,2,2,2,2,1,4,1,5
"94",1,1,2,2,2,2,2,1,2,1,2,2,1,7
"95",2,1,2,2,2,2,2,1,2,1,2,2,1,5
"96",2,1,2,2,2,3,2,2,2,2,2,2,1,7
"97",1,2,1,2,2,2,2,1,2,1,2,2,2,7
"98",1,1,1,3,3,3,2,1,2,1,1,2,2,4
"99",2,2,1,2,3,3,2,1,2,1,2,2,1,6
"100",2,2,2,2,2,2,2,1,2,1,2,2,3,6
"101",2,1,2,1,2,1,2,1,2,1,2,1,3,7
"102",1,1,2,2,2,2,2,1,2,1,2,2,1,5
"103",2,1,2,2,2,2,2,1,2,1,2,2,1,6
"104",2,1,2,2,1,2,2,1,2,1,2,2,1,6
"105",2,2,2,2,2,2,2,1,2,1,2,2,1,3
"106",2,2,2,2,2,2,2,1,2,1,2,2,3,6
"107",2,1,2,1,3,3,2,1,2,1,2,3,1,5
"108",2,1,2,2,3,3,2,1,2,1,2,2,1,2
"109",1,1,2,3,4,3,2,1,2,1,2,4,1,1
"110",1,1,2,2,1,2,2,1,2,1,2,2,2,7
"111",2,1,1,1,1,2,2,1,2,2,2,2,1,5
"112",2,2,2,2,2,2,2,1,2,1,2,2,2,6
"113",2,1,2,2,2,2,2,1,2,1,2,2,1,4
"114",1,1,2,3,3,3,2,1,2,1,2,2,1,1
"115",2,2,2,1,1,1,2,1,2,2,2,2,1,3
"116",2,1,1,2,2,2,2,2,2,2,2,2,1,4
"117",1,1,1,2,2,2,2,2,2,2,2,2,2,3
"118",1,2,2,2,2,2,2,1,2,1,2,2,1,4
"119",2,2,1,2,2,3,2,1,2,1,1,3,3,3
"120",2,2,1,2,1,2,2,1,2,1,1,2,2,7
"121",1,2,2,4,3,4,2,1,2,2,2,3,1,2
"122",1,1,2,2,4,3,2,1,2,2,2,2,1,3
"123",1,1,2,1,2,1,2,1,2,2,2,2,3,7
"124",1,1,1,2,3,2,2,1,2,2,1,3,1,4
"125",2,1,2,2,1,2,2,1,2,1,1,1,1,6
"126",2,2,2,2,2,2,2,1,2,1,2,2,1,7
"127",2,2,1,2,3,2,2,1,2,1,2,2,1,5
"128",1,2,1,2,2,2,2,1,2,1,2,2,1,4
"129",2,2,1,1,2,3,2,1,2,1,2,2,2,4
"130",2,1,1,2,1,2,2,1,2,2,1,3,1,6
"131",1,2,1,3,3,3,2,2,2,2,1,3,1,3
"132",1,2,2,2,3,2,2,1,2,1,2,2,1,5
"133",2,1,2,2,2,2,2,1,2,1,2,2,1,4
"134",2,1,2,2,2,3,2,1,2,1,2,2,1,5
"135",1,1,1,2,1,2,2,1,2,1,1,2,1,7
"136",2,1,1,3,3,3,2,1,2,1,1,3,1,3
"137",1,2,1,2,2,2,2,1,2,2,1,2,1,5
"138",2,2,1,1,2,1,2,1,2,2,1,2,3,4
"139",1,2,1,4,4,4,2,1,2,2,1,4,1,1
"140",1,2,1,2,3,2,2,1,2,1,1,3,2,2
"141",2,2,1,3,2,2,2,1,2,1,2,2,1,4
"142",1,1,1,2,2,2,2,1,2,1,2,1,1,6
"143",1,1,2,2,2,2,2,2,2,1,2,2,1,7
"144",2,1,2,2,2,2,2,2,2,2,2,2,1,7
"145",1,1,2,3,3,3,2,2,2,2,2,3,1,1
"146",2,1,2,3,3,3,2,1,2,1,1,3,2,5
"147",1,2,2,3,3,3,2,1,2,1,1,3,1,3
"148",2,1,2,2,1,2,2,1,2,1,1,2,1,6
"149",2,1,2,2,1,2,2,1,2,1,1,2,2,5
"150",2,2,1,2,2,2,2,1,2,1,2,2,1,4
"151",1,1,2,4,4,4,2,2,2,2,2,3,1,3
"152",1,1,2,3,4,1,2,2,2,2,2,4,2,5
"153",1,2,2,3,2,3,2,1,2,1,2,4,1,1
"154",1,2,2,3,3,3,2,1,2,1,2,3,2,3
"155",2,2,1,2,1,2,2,1,2,1,1,1,1,3
"156",2,2,2,3,3,2,2,1,2,2,1,2,1,6
"157",2,1,2,1,1,1,2,1,2,2,1,1,2,5
"158",2,2,1,2,3,2,2,1,2,1,1,2,1,5
"159",2,2,2,2,2,2,2,1,2,1,2,2,2,4
"160",2,1,2,2,2,2,2,2,2,2,2,1,2,5
"161",2,1,2,2,2,2,2,2,2,2,2,2,2,5
"162",1,2,1,2,2,2,2,1,2,1,2,2,2,3
"163",2,2,1,2,2,2,2,1,2,1,2,2,1,3
"164",2,1,2,2,2,2,2,2,2,2,1,2,1,6
"165",1,1,1,2,3,3,2,1,2,2,1,3,1,3
"166",2,1,1,2,1,2,2,1,2,2,1,2,3,5
"167",2,1,1,1,2,1,2,1,2,2,1,1,2,5
"168",2,1,2,3,2,2,2,1,2,2,2,2,2,4
"169",2,1,2,2,1,2,2,1,2,2,2,2,1,6
"170",1,1,2,2,2,2,2,1,2,1,1,2,1,5
"171",2,1,2,2,2,2,2,1,2,1,1,1,1,5
"172",1,1,2,2,2,2,2,1,2,1,2,2,1,1
"173",2,1,2,2,1,2,2,1,2,2,1,2,2,7
"174",2,2,2,2,1,2,2,1,2,2,1,1,1,5
"175",1,1,2,2,3,3,2,2,2,1,1,2,1,4
"176",2,2,1,2,2,2,2,1,2,1,2,2,1,1
"177",1,2,1,1,2,1,2,1,2,1,2,1,1,3
"178",2,1,2,2,1,2,2,2,2,2,1,2,1,6
"179",1,1,2,2,3,3,2,1,2,1,1,3,1,2
"180",2,2,2,2,2,2,2,1,2,1,1,2,2,4
"181",2,1,1,2,4,1,2,1,2,1,2,2,1,5
"182",1,1,2,3,3,3,2,1,2,1,2,3,1,2
"183",1,1,2,2,3,3,2,1,2,1,2,3,1,4
"184",1,1,2,3,1,3,2,2,2,2,2,4,1,4
"185",1,1,2,3,4,2,2,1,2,1,2,2,2,2
"186",2,2,2,3,2,3,2,1,2,2,1,2,2,4
"187",2,2,2,2,1,2,2,1,2,2,1,2,2,4
"188",1,2,2,3,2,2,2,1,2,2,1,3,1,1
"189",1,2,2,2,2,2,2,1,2,2,1,2,1,4
"190",2,1,2,1,1,1,2,1,2,2,1,2,3,6
"191",2,1,2,2,2,2,2,1,2,1,1,2,1,6
"192",2,1,2,3,3,3,2,1,2,1,1,3,3,3
"193",2,2,2,2,1,2,2,1,2,1,1,2,1,6
"194",2,1,2,2,1,2,2,1,2,1,1,2,3,6
"195",2,2,1,2,3,3,2,1,2,2,2,2,1,4
"196",1,2,1,4,3,2,2,1,2,2,2,3,1,1
"197",1,1,1,2,1,2,2,1,2,2,2,2,2,3
"198",1,1,2,2,2,2,2,2,2,2,2,4,1,4
"199",2,2,2,1,2,1,2,2,2,2,2,2,1,4
"200",2,1,2,2,2,2,2,2,2,2,1,2,1,7
"201",2,2,2,3,2,2,2,2,2,1,1,2,1,5
"202",1,2,2,1,1,2,2,2,2,1,1,1,1,4
"203",2,1,2,2,2,3,2,1,2,1,2,2,2,4
"204",2,1,2,2,2,2,2,1,2,1,2,1,1,4
"205",2,1,2,2,2,2,2,1,2,2,2,2,1,7
"206",2,1,2,2,1,2,2,2,2,2,1,2,2,7
"207",2,1,2,2,1,2,2,2,2,2,1,2,2,7
"208",2,1,2,2,2,2,2,1,2,1,1,3,1,5
"209",2,1,2,2,2,2,2,1,2,2,2,2,1,4
"210",2,2,2,2,1,2,2,1,2,2,2,3,1,4
"211",2,2,1,2,1,2,2,2,2,1,1,2,2,6
"212",1,2,1,2,2,2,2,2,2,1,1,2,2,3
"213",2,2,1,2,3,3,2,1,2,1,2,2,2,5
"214",2,2,2,2,2,2,2,1,2,1,2,2,2,3
"215",2,2,2,2,2,2,2,1,2,1,2,2,2,5
"216",2,2,1,2,3,2,2,1,2,1,2,2,2,5
"217",2,1,1,2,2,3,2,1,2,1,2,1,1,6
"218",2,2,2,1,1,1,2,1,2,1,2,1,1,5
"219",2,2,1,2,2,2,2,1,2,1,2,2,2,5
"220",2,1,1,2,2,2,2,1,2,1,2,2,2,5
"221",2,1,2,2,2,2,2,1,2,2,1,2,1,5
"222",2,1,2,2,2,2,2,1,2,2,1,2,1,5
"223",2,2,2,2,2,2,2,1,2,2,2,2,3,4
"224",2,1,2,2,2,2,2,1,2,2,2,2,2,5
"225",2,1,2,2,2,2,2,2,2,2,1,2,2,3
"226",2,1,2,2,2,2,2,2,2,2,1,2,2,6
"227",1,1,2,2,2,3,2,1,2,1,2,2,2,4
"228",2,2,2,2,3,2,2,2,2,1,2,3,2,4
"229",1,2,1,1,2,1,2,1,2,1,1,2,1,5
"230",2,2,1,2,3,3,2,1,2,1,1,2,1,4
"231",2,1,2,2,2,2,2,1,2,1,1,2,1,5
"232",2,1,2,2,2,2,2,1,2,1,1,2,1,5
"233",2,1,2,2,1,2,2,1,2,1,1,2,2,4
"234",2,2,2,2,1,2,2,1,2,1,1,2,2,5
"235",1,1,2,1,1,1,2,1,2,1,1,2,2,4
"236",2,1,2,3,2,2,2,2,2,1,2,3,3,7
"237",1,2,2,1,1,1,2,1,2,1,2,1,1,5
"238",1,1,2,3,4,3,2,1,2,1,2,3,1,5
"239",2,2,2,2,2,2,2,1,2,1,2,2,2,3
"240",2,1,2,1,2,2,2,1,2,1,2,1,2,5
"241",2,1,2,2,2,2,2,1,2,1,2,2,1,5
"242",2,2,2,2,2,2,2,1,2,1,1,2,2,4
"243",1,2,2,2,1,2,2,1,2,1,1,2,2,3
"244",2,1,2,1,2,1,2,1,2,1,1,2,3,6
"245",2,2,1,2,2,2,2,1,2,1,2,2,2,5
"246",2,2,1,1,2,2,2,1,2,1,2,1,2,5
"247",2,2,2,2,3,2,2,1,2,2,1,2,1,7
"248",2,1,2,1,1,1,2,1,2,2,1,2,2,6
"249",1,2,1,2,2,2,2,1,2,1,2,2,1,3
"250",2,1,2,2,2,2,2,2,2,2,2,2,2,4
"251",1,1,1,2,2,2,2,1,2,1,2,2,1,3
"252",2,1,1,2,4,4,2,1,2,1,2,4,1,3
"253",2,1,2,2,3,2,2,1,2,1,2,4,2,2
"254",1,2,2,2,2,2,2,1,2,1,2,3,1,4
"255",2,1,2,2,3,2,2,1,2,1,1,2,1,4
"256",2,1,2,3,3,1,2,1,2,1,1,2,1,4
"257",1,2,2,1,2,1,2,1,2,1,1,1,1,6
"258",2,1,2,2,2,2,2,1,2,1,1,2,1,5
"259",2,1,2,1,2,1,2,1,2,1,2,1,1,5
"260",2,2,2,2,2,2,2,1,2,1,2,2,1,4
"261",1,2,2,4,3,3,2,1,2,1,2,4,3,1
"262",2,2,2,2,2,2,2,1,2,2,1,2,1,4
"263",2,2,2,2,2,2,2,1,2,1,1,2,1,4
"264",1,1,2,2,2,2,2,2,2,2,2,2,1,4
"265",1,1,2,2,3,2,2,2,2,2,2,3,1,5
"266",2,2,2,1,1,2,2,1,2,2,2,2,2,6
"267",2,1,2,2,3,2,2,1,2,2,1,2,2,3
"268",1,1,2,3,2,3,2,2,2,2,2,4,2,1
"269",2,1,2,2,2,2,2,1,2,1,1,2,1,5
"270",2,2,2,2,3,3,2,1,2,1,2,1,2,6
"271",1,2,2,3,2,2,2,1,2,1,2,2,1,6
"272",2,1,2,2,1,2,2,1,2,1,1,2,1,5
"273",2,1,2,3,3,1,2,1,2,1,1,1,1,6
"274",2,2,2,2,2,2,2,1,2,2,1,1,1,5
"275",2,1,2,2,1,1,2,2,2,2,1,3,1,7
"276",2,2,2,2,3,2,2,1,2,2,2,2,1,5
"277",2,2,2,1,1,2,2,1,2,1,1,1,2,5
"278",2,2,2,2,2,2,2,1,2,2,2,2,1,5
"279",1,2,2,1,2,2,2,1,2,2,2,2,1,4
"280",1,2,2,2,3,2,2,1,2,1,2,1,1,2
"281",2,2,1,2,1,2,2,1,2,1,2,2,1,6
"282",2,2,1,2,2,2,2,2,2,2,2,2,2,7
"283",1,1,2,3,2,3,2,1,2,1,1,2,1,4
"284",1,1,2,2,3,2,2,1,2,1,1,3,2,4
"285",2,1,2,2,2,2,2,2,2,2,2,3,1,4
"286",2,2,2,2,1,2,2,1,2,2,2,1,1,5
"287",1,2,2,2,2,2,2,1,2,2,2,2,2,6
"288",2,1,2,3,3,3,2,2,2,2,2,3,1,3
"289",2,1,2,2,1,2,2,2,2,2,2,3,1,5
"290",1,2,2,3,2,3,2,1,2,1,2,3,1,1
"291",2,2,2,1,1,2,2,1,2,1,2,1,2,3
"292",2,2,1,2,1,2,2,1,2,2,1,2,1,5
"293",2,2,2,3,3,2,2,1,2,1,2,4,3,3
"294",1,2,2,3,3,1,2,1,2,1,1,3,1,3
"295",2,1,2,2,2,2,2,1,2,2,2,2,1,6
"296",2,1,2,1,1,1,2,1,2,2,2,1,2,7
"297",2,2,2,2,2,2,2,1,2,1,2,2,2,2
"298",2,2,2,3,3,3,2,1,2,1,2,3,2,3
"299",1,1,1,3,3,3,2,1,2,2,1,3,2,2
"300",1,2,2,2,2,3,2,1,2,1,1,2,2,4
"301",2,1,2,2,4,4,2,1,2,1,1,4,2,1
"302",1,2,2,2,1,2,2,1,2,2,2,2,3,2
"303",2,1,2,1,3,2,2,1,2,1,1,2,1,5
"304",2,1,2,2,2,2,2,1,2,1,1,2,2,4
"305",2,2,1,2,2,1,2,1,2,1,1,2,2,4
"306",2,2,1,2,1,2,2,1,2,1,1,1,2,5
"307",2,2,1,2,1,2,2,1,2,1,1,2,1,5
"308",1,2,1,2,1,2,2,1,2,1,1,2,1,5
"309",2,2,1,2,2,2,2,1,2,1,1,3,2,5
"310",2,2,1,2,1,2,2,1,2,1,1,4,3,6
"311",1,2,1,4,4,4,2,1,2,1,2,4,2,1
"312",2,2,2,2,2,2,2,1,2,1,1,2,1,5
"313",2,2,2,2,2,2,2,1,2,1,1,2,1,5
"314",1,1,2,3,3,3,2,1,2,1,1,3,1,5
"315",2,2,1,2,2,2,2,1,2,1,2,2,2,4
"316",2,2,1,2,2,1,2,1,2,1,2,2,3,5
"317",2,1,2,1,2,2,2,1,2,1,1,2,1,5
"318",2,1,2,1,2,2,2,1,2,1,1,1,2,5
"319",2,1,2,2,1,2,2,1,2,1,1,2,3,4
"320",2,2,2,2,2,3,2,1,2,1,2,2,1,4
"321",2,1,2,2,1,1,2,1,2,1,2,1,3,5
"322",1,1,1,2,4,3,2,1,2,1,1,3,1,3
"323",1,1,1,2,2,2,2,2,2,1,2,2,1,6
"324",2,2,1,2,2,2,2,1,2,1,2,2,1,6
"325",1,1,1,2,3,2,2,1,2,1,1,1,1,2
"326",2,1,2,2,1,2,2,2,2,1,1,2,2,5
"327",2,1,2,2,1,2,2,1,2,1,2,2,1,5
"328",1,1,2,2,3,3,2,1,2,1,2,4,1,4
"329",1,1,2,4,4,4,2,1,2,1,2,4,2,2
"330",2,1,1,2,2,2,2,1,2,1,2,1,1,4
"331",1,1,1,1,2,1,2,1,2,1,2,1,1,5
"332",1,1,1,2,2,2,2,1,2,1,2,2,1,3
"333",1,1,1,2,3,2,2,1,2,1,2,2,1,2
"334",2,1,2,2,2,2,2,1,2,1,2,2,1,5
"335",2,1,2,2,2,2,2,1,2,1,2,2,1,6
"336",2,1,1,2,1,2,2,1,2,1,2,2,3,7
"337",2,1,2,2,3,2,2,1,2,1,1,3,1,3
"338",1,1,1,3,2,2,2,1,2,1,2,2,2,5
"339",2,1,1,2,2,2,2,2,2,2,1,2,2,6
"340",1,2,2,2,4,2,2,1,2,1,2,2,1,3
"341",2,1,2,1,1,1,2,1,2,1,2,2,3,7
"342",2,1,2,2,1,2,2,1,2,1,1,2,1,5
"343",1,1,2,2,1,2,2,2,2,2,2,2,1,6
"344",1,1,2,3,4,4,2,1,2,1,1,3,2,2
"345",1,2,1,3,4,4,2,1,2,1,2,3,2,4
"346",1,1,2,2,2,1,2,1,2,1,2,2,1,1
"347",1,1,2,2,2,2,2,1,2,1,2,2,1,5
"348",1,2,2,3,3,3,2,1,2,2,2,3,2,4
"349",2,1,2,3,2,2,2,1,2,1,2,2,1,5
"350",1,1,2,2,2,2,2,1,2,1,2,4,2,6
"351",2,2,2,4,4,4,2,1,2,1,2,3,2,2
"352",2,1,2,1,1,2,2,1,2,1,2,1,2,5
"353",2,1,1,2,2,2,2,1,2,1,2,2,2,5
"354",1,2,2,3,3,3,2,2,2,1,2,3,1,3
"355",1,2,2,3,4,4,2,2,2,1,2,3,2,1
"356",1,2,2,2,3,2,2,1,2,1,2,1,1,2
"357",2,1,2,2,2,2,2,2,2,2,2,1,1,7
"358",1,1,2,2,1,2,2,2,2,2,1,4,1,6
"359",2,1,2,2,3,2,2,1,2,1,1,3,1,4
"360",1,1,1,2,2,3,2,1,2,1,1,2,2,3
"361",2,1,1,2,3,2,2,1,2,1,1,2,1,4
"362",2,1,2,2,1,2,2,1,2,1,1,2,1,7
"363",1,2,2,3,2,2,2,1,2,1,1,2,1,5
"364",1,1,2,2,2,2,2,1,2,1,2,3,1,4
"365",1,1,2,2,1,2,2,1,2,1,2,3,1,6
"366",1,1,2,1,1,2,2,1,2,1,2,2,2,5
"367",2,2,2,1,3,2,2,1,2,1,2,2,3,3
"368",2,1,2,2,2,2,2,1,2,1,2,2,2,3
"369",2,2,2,2,2,2,2,1,2,1,2,4,1,3
"370",2,1,2,2,2,2,2,2,2,2,2,2,1,3
"371",1,2,2,2,2,1,2,1,2,1,2,2,1,5
"372",1,2,1,3,1,2,2,1,2,1,2,4,2,1
"373",2,1,1,2,1,2,2,1,2,1,2,2,2,6
"374",1,2,1,2,2,2,2,1,2,1,2,2,2,4
"375",2,1,2,2,1,2,2,1,2,1,2,2,2,6
"376",2,2,2,1,1,2,2,1,2,1,2,2,3,6
"377",2,2,2,2,1,2,2,1,2,2,2,2,1,4
"378",2,2,2,2,3,2,2,1,2,1,2,2,2,3
"379",2,2,2,2,2,2,2,1,2,1,2,2,1,4
"380",2,1,2,1,1,1,2,2,2,1,2,2,2,6
"381",1,1,2,4,3,2,2,2,2,1,2,3,2,5
"382",2,2,2,2,4,2,2,1,2,1,1,2,2,2
"383",2,2,2,2,2,1,2,1,2,1,1,1,2,5
"384",1,2,2,2,2,2,2,2,2,1,2,2,1,3
"385",1,2,1,2,2,3,2,1,2,1,1,2,2,3
"386",2,2,1,2,2,2,2,1,2,1,1,2,2,4
"387",2,1,1,2,1,1,2,1,2,1,1,2,3,7
"388",1,1,2,3,3,2,2,1,2,1,2,2,1,7
"389",2,1,2,2,1,2,2,1,2,1,1,1,1,5
"390",2,1,2,2,2,2,2,1,2,1,1,2,1,7
"391",2,1,2,2,2,2,2,1,2,1,1,2,1,5
"392",2,1,2,2,2,2,2,1,2,1,1,2,1,5
"393",2,1,2,2,2,2,2,1,2,1,2,2,1,6
"394",2,1,2,2,2,3,2,1,2,1,2,2,1,5
"395",2,2,1,2,2,2,2,1,2,1,2,2,2,5
"396",2,2,1,2,2,2,2,2,2,2,2,2,1,6
"397",1,2,1,2,3,2,2,2,2,2,1,3,2,4
"398",1,1,2,2,2,2,2,2,2,2,2,2,1,5
"399",2,2,2,2,2,2,2,1,2,1,1,2,2,7
"400",2,1,1,2,2,2,2,1,2,1,1,2,2,5
"401",2,2,1,2,2,2,2,1,2,2,2,2,1,6
"402",2,2,1,2,3,3,2,1,2,2,2,1,1,4
"403",2,1,2,2,2,2,2,1,2,1,1,2,1,3
"404",1,2,2,3,3,3,2,1,2,1,2,3,2,2
"405",1,1,1,3,2,2,2,1,2,1,1,3,2,1
"406",2,2,1,2,2,1,2,1,2,1,1,1,1,3
"407",2,1,2,1,1,2,2,1,2,1,1,1,2,6
"408",2,1,2,2,1,2,2,1,2,1,1,2,2,6
"409",2,1,2,2,2,2,2,1,2,2,1,2,1,5
"410",2,2,2,2,1,2,2,2,2,2,2,3,1,4
"411",2,2,2,2,2,2,2,2,2,2,2,2,1,5
"412",1,1,2,2,2,2,2,2,2,2,2,2,1,4
"413",2,2,2,2,2,2,2,2,2,2,2,2,1,5
"414",2,1,2,2,2,2,2,2,2,2,2,3,1,3
"415",2,1,2,3,1,2,2,1,2,1,2,2,2,7
"416",2,1,2,1,2,1,2,1,2,1,2,1,2,7
"417",2,2,1,2,2,2,2,1,2,1,1,2,1,6
"418",2,2,2,2,2,2,2,1,2,2,2,4,1,3
"419",1,2,1,2,2,2,2,1,2,1,2,4,1,4
"420",2,1,2,2,2,2,2,1,2,1,2,2,1,6
"421",1,2,1,2,3,3,2,1,2,1,1,3,1,4
"422",1,1,2,3,3,3,2,1,2,1,2,2,1,4
"423",2,1,2,1,2,2,2,1,2,1,2,1,2,7
"424",1,1,2,2,2,2,2,2,2,2,2,2,2,4
"425",1,1,2,2,2,3,2,2,2,1,2,2,2,4
"426",2,2,1,2,2,2,2,1,2,1,1,2,1,4
"427",2,2,1,2,2,2,2,1,2,1,1,2,2,4
"428",1,1,2,3,3,3,2,2,2,2,1,3,1,2
"429",2,1,2,2,1,2,2,1,2,1,2,2,1,6
"430",1,1,2,3,3,3,2,1,2,1,2,2,1,2
"431",2,1,2,2,2,2,2,1,2,1,1,1,1,6
"432",2,1,2,2,2,3,2,1,2,1,1,2,1,4
"433",2,1,2,2,2,2,2,1,2,2,2,2,1,6
"434",2,1,2,2,1,2,2,1,2,2,2,2,3,7
"435",2,1,2,1,2,2,2,1,2,2,2,2,3,6
"436",2,1,2,2,2,2,2,1,2,2,2,2,3,6
"437",2,1,2,2,2,2,2,1,2,2,2,2,3,4
"438",1,1,2,2,2,2,2,1,2,1,2,2,1,4
"439",2,1,2,1,1,1,2,1,2,1,1,2,2,5
"440",2,1,1,2,1,2,2,1,2,2,1,2,2,7
"441",2,2,1,2,3,1,2,1,2,2,1,2,2,5
"442",1,1,2,2,1,2,2,1,2,1,2,2,1,4
"443",2,1,2,2,1,2,2,1,2,1,2,2,1,4
"444",2,1,2,2,1,1,2,1,2,1,2,1,1,5
"445",2,1,2,2,2,2,2,1,2,1,2,2,1,3
"446",2,1,2,2,2,2,2,1,2,1,1,2,2,6
"447",2,1,2,2,3,2,2,1,2,1,2,1,2,4
"448",1,2,2,3,3,3,2,1,2,1,2,3,2,3
"449",2,1,2,2,2,1,2,1,2,1,2,3,1,7
"450",1,2,2,2,1,2,2,1,2,1,2,2,1,4
"451",2,1,2,2,1,1,2,1,2,1,2,1,1,5
"452",2,2,2,2,2,3,2,1,2,1,2,2,2,2
"453",1,1,2,4,4,4,2,1,2,1,2,3,2,1
"454",1,1,2,2,4,4,2,1,2,1,2,2,2,1
"455",1,2,2,2,2,2,2,1,2,1,2,2,2,1
"456",1,1,2,2,2,2,2,1,2,1,2,2,1,5
"457",1,1,2,2,3,3,2,1,2,1,2,3,1,6
"458",2,1,2,2,2,2,2,1,2,1,2,2,1,3
"459",2,1,2,3,1,2,2,1,2,1,1,2,1,7
"460",1,2,1,3,2,2,2,2,2,2,1,3,2,5
"461",1,1,1,2,3,2,2,1,2,1,2,3,1,2
"462",1,2,1,2,3,3,2,1,2,1,1,2,1,3
"463",2,1,2,2,1,2,2,1,2,1,2,2,1,6
"464",2,1,2,1,1,2,2,1,2,1,2,2,3,7
"465",1,1,2,3,2,4,2,1,2,1,2,4,1,4
"466",1,2,2,2,1,2,2,1,2,1,2,2,3,6
"467",1,2,1,2,2,3,2,1,2,1,1,3,1,3
"468",2,1,2,2,1,2,2,1,2,1,2,2,2,3
"469",1,2,2,3,3,3,2,1,2,1,2,2,2,3
"470",1,1,1,2,2,2,2,1,2,1,1,2,2,5
"471",2,1,1,2,1,2,2,1,2,1,1,2,1,7
"472",2,1,2,2,2,2,2,1,2,1,1,2,1,6
"473",2,1,2,2,1,2,2,2,2,2,2,2,2,7
"474",2,2,2,2,2,2,2,1,2,1,2,2,1,5
"475",2,1,2,2,3,3,2,2,2,1,1,2,1,6
"476",1,1,2,3,3,2,2,2,2,1,1,3,1,5
"477",2,2,1,2,2,2,2,1,2,2,1,2,2,5
"478",1,2,2,2,2,3,2,2,2,2,2,2,1,4
"479",2,1,2,2,2,2,2,2,2,2,1,2,1,6
"480",1,1,1,3,3,3,2,1,2,1,2,3,2,5
"481",1,2,1,4,4,4,2,1,2,1,2,4,2,1
"482",2,1,2,4,1,2,2,2,2,2,2,4,1,7
"483",1,1,2,3,2,1,2,2,2,2,1,4,1,4
"484",1,1,2,4,3,4,2,1,2,1,1,4,1,1
"485",1,1,2,2,3,2,2,1,2,1,2,3,1,2
"486",2,2,2,2,2,2,2,2,2,2,2,2,1,4
"487",2,2,2,2,4,3,2,2,2,2,2,3,1,1
"488",2,2,2,2,2,2,2,2,2,2,2,2,1,3
"489",2,2,2,2,3,2,2,2,2,2,2,3,2,4
"490",1,2,2,4,4,3,2,2,2,2,2,4,3,5
"491",2,1,2,2,1,2,2,1,2,1,1,2,1,6
"492",2,1,2,2,2,2,2,1,2,1,1,2,1,7
"493",2,1,1,2,3,2,2,2,2,1,2,2,2,2
"494",1,1,2,2,2,2,2,2,2,2,1,2,1,6
"495",2,1,2,2,2,2,2,2,2,2,1,3,1,4
"496",2,1,1,2,1,2,2,2,2,2,2,2,2,2
"497",1,2,1,3,2,3,2,1,2,1,2,3,2,3
"498",1,2,2,2,2,2,2,2,2,2,2,2,1,5
"499",1,1,2,4,4,4,2,2,2,2,2,4,1,2
"500",2,1,2,2,4,2,2,1,2,1,2,4,1,3
"501",1,1,2,2,1,2,2,1,2,1,2,2,2,4
"502",2,1,2,2,2,2,2,1,2,1,2,2,2,5
"503",1,2,2,2,2,2,2,1,2,1,1,3,1,3
"504",2,1,2,1,2,2,2,1,2,2,1,4,2,4
"505",2,1,2,2,2,2,2,1,2,2,1,2,3,6
"506",2,1,1,2,2,2,2,1,2,1,2,2,1,7
"507",2,1,1,4,4,4,2,1,2,1,2,4,1,1
"508",2,1,2,2,2,2,2,1,2,1,2,1,1,6
"509",2,1,2,3,2,2,2,1,2,1,1,3,2,6
"510",2,1,2,2,2,1,2,1,2,1,2,1,2,2
"511",2,1,2,2,1,2,2,2,2,2,2,2,1,4
"512",2,1,2,2,2,2,2,2,2,2,2,2,2,7
"513",2,2,1,1,2,1,2,2,2,2,2,1,2,3
"514",2,2,1,1,1,1,2,2,2,2,2,1,2,1
"515",2,1,2,2,1,2,2,2,2,2,2,2,1,6
"516",1,2,2,2,4,2,2,2,2,2,2,4,1,1
"517",2,2,2,2,1,2,2,2,2,2,1,2,2,5
"518",2,2,2,2,3,2,2,2,2,2,2,2,1,4
"519",1,1,2,1,2,2,2,1,2,1,2,3,1,4
"520",2,1,2,2,1,2,2,1,2,1,2,1,2,5
"521",2,2,1,2,2,2,2,1,2,1,1,3,1,4
"522",2,2,1,1,1,2,2,1,2,1,1,1,1,5
"523",2,2,2,2,3,3,2,1,2,1,2,4,1,7
"524",1,2,2,2,2,4,2,1,2,1,2,3,1,1
"525",1,1,1,3,2,2,2,2,2,2,2,4,1,4
"526",2,1,1,2,1,2,2,2,2,2,2,2,1,5
"527",2,1,2,2,1,2,2,2,2,2,1,2,1,7
"528",2,2,2,2,1,2,2,2,2,2,2,2,1,6
"529",2,1,2,2,2,2,2,2,2,2,1,2,1,4
"530",2,2,2,2,2,2,2,1,2,1,2,2,2,4
"531",2,1,2,2,2,3,2,1,2,1,2,2,1,3
"532",1,1,1,3,4,1,2,2,2,2,2,3,1,2
"533",1,2,1,4,4,1,2,2,2,2,2,4,2,1
"534",2,1,2,2,2,2,2,2,2,2,1,2,1,7
"535",2,1,2,2,2,2,2,2,2,2,1,2,1,7
"536",2,1,2,2,2,2,2,2,2,2,1,2,1,6
"537",1,2,2,2,2,2,2,2,2,2,2,2,2,5
"538",2,2,2,1,2,2,2,1,2,1,1,1,1,4
"539",2,2,2,2,1,2,2,1,2,1,1,2,2,5
"540",2,1,2,2,1,2,2,1,2,2,2,1,1,6
"541",2,2,2,2,1,2,2,1,2,2,2,1,3,4
"542",2,2,2,2,1,2,2,1,2,2,2,2,2,2
"543",1,1,2,2,2,2,2,1,2,2,2,2,1,4
"544",2,1,2,2,1,2,2,1,2,1,2,2,1,5
"545",1,1,1,2,1,2,2,1,2,1,2,2,2,7
"546",2,2,2,2,2,2,2,1,2,2,2,2,2,2
"547",1,2,1,2,4,4,2,1,2,1,2,3,2,1
"548",1,2,2,2,2,2,2,1,2,1,2,1,2,5
"549",2,2,2,2,1,2,2,2,2,2,2,2,1,4
"550",2,1,1,2,2,3,2,1,2,1,2,2,2,4
"551",2,1,1,2,3,3,2,1,2,1,2,2,2,3
"552",2,1,2,2,2,2,2,2,2,2,1,2,1,7
"553",1,1,2,3,1,4,2,1,2,1,2,4,1,3
"554",1,1,2,2,3,3,2,1,2,2,2,3,1,4
"555",1,2,2,2,3,2,2,1,2,1,1,2,1,1
"556",1,1,2,2,1,3,2,1,2,1,2,4,1,3
"557",2,1,1,2,2,2,2,1,2,1,2,2,1,5
"558",1,2,1,2,2,2,2,1,2,1,2,2,1,5
"559",2,1,2,2,1,2,2,2,2,2,1,2,1,7
"560",1,1,2,4,1,3,2,1,2,2,2,3,1,6
"561",2,1,2,2,2,2,2,1,2,1,2,2,1,4
"562",2,1,2,2,2,2,2,1,2,1,2,2,2,5
"563",2,1,2,1,3,2,2,1,2,2,1,2,1,5
"564",2,1,2,2,2,2,2,1,2,2,1,2,1,6
"565",2,1,2,1,1,1,2,1,2,2,1,1,1,5
"566",2,1,2,2,2,2,2,1,2,1,2,2,2,3
"567",2,1,2,3,3,3,2,1,2,1,2,3,2,5
"568",1,1,2,2,2,2,2,2,2,2,1,3,1,4
"569",2,2,2,2,1,2,2,1,2,1,1,2,1,7
"570",1,1,2,2,2,2,2,1,2,1,1,3,2,7
"571",2,1,2,1,2,1,2,1,2,1,1,1,3,4
"572",2,1,2,2,1,2,2,2,2,1,2,2,2,6
"573",1,1,2,2,2,2,2,2,2,2,2,2,1,6
"574",2,2,2,2,2,2,2,1,2,2,1,2,1,4
"575",2,1,2,2,2,2,2,1,2,2,1,2,1,5
"576",1,2,2,2,2,2,2,1,2,1,1,3,1,3
"577",1,1,2,3,3,3,2,1,2,1,1,4,1,5
"578",1,2,2,2,2,2,2,1,2,1,1,1,1,7
"579",2,1,2,2,1,2,2,1,2,1,2,2,1,7
"580",1,1,2,3,2,2,2,2,2,1,1,2,1,6
"581",1,1,2,2,3,2,2,2,2,1,1,2,1,3
"582",2,1,1,2,2,2,2,2,2,2,2,2,1,6
"583",1,1,1,2,2,2,2,2,2,2,2,2,1,2
"584",2,1,2,2,2,2,2,2,2,2,1,2,1,7
"585",1,1,2,2,3,2,2,1,2,1,2,3,1,5
"586",2,1,2,2,2,2,2,1,2,1,1,2,2,5
"587",1,2,1,2,2,2,2,1,2,1,2,3,1,3
"588",2,2,1,2,2,2,2,1,2,1,2,2,2,6
"589",2,1,1,2,1,2,2,1,2,1,2,3,1,5
"590",1,2,2,2,1,2,2,2,2,2,2,2,2,2
"591",2,2,1,2,2,2,2,1,2,1,1,2,2,5
"592",1,2,1,2,2,2,2,1,2,1,1,2,1,5
"593",1,1,2,2,2,2,2,2,2,2,2,2,2,4
"594",2,2,2,1,1,1,2,1,2,1,2,2,1,5
"595",2,2,2,2,1,2,2,1,2,1,2,2,3,6
"596",2,1,2,2,1,2,2,1,2,1,1,2,2,6
"597",2,2,1,1,2,1,2,1,2,1,1,2,1,3
"598",2,2,2,3,2,2,2,1,2,1,2,2,1,3
"599",2,1,2,2,2,2,2,1,2,1,2,2,3,6
"600",2,2,1,3,1,2,2,1,2,1,2,1,1,5
"601",1,1,2,2,2,2,2,1,2,1,1,4,1,3
"602",2,1,2,2,1,2,2,1,2,1,2,2,1,7
"603",1,2,2,3,3,2,2,1,2,2,2,4,1,4
"604",2,2,2,2,2,2,2,1,2,2,2,1,1,5
"605",1,2,2,1,4,1,2,1,2,1,2,2,1,1
"606",1,2,1,4,4,4,2,1,2,1,2,4,1,1
"607",2,1,1,2,2,2,2,1,2,1,2,2,3,4
"608",2,2,2,2,3,2,2,1,2,1,1,2,1,4
"609",1,1,2,1,1,1,2,1,2,2,2,2,1,4
"610",1,2,2,2,1,2,2,1,2,1,1,2,1,6
"611",1,1,2,2,2,2,2,1,2,1,1,3,1,4
"612",2,2,1,3,1,3,2,1,2,1,1,3,2,3
"613",1,1,2,2,2,2,2,1,2,1,1,2,1,4
"614",2,1,2,2,1,2,2,2,2,2,2,2,1,5
"615",1,1,2,4,3,3,2,1,2,2,2,3,1,3
"616",2,1,2,2,2,2,2,1,2,1,1,2,1,5
"617",1,1,2,2,4,3,2,1,2,1,2,3,1,6
"618",2,1,2,2,1,2,2,1,2,1,1,3,1,4
"619",2,1,2,2,2,2,2,1,2,1,2,2,1,1
"620",2,1,2,2,1,2,2,1,2,2,2,2,1,6
"621",2,1,2,2,2,2,2,1,2,2,2,1,2,7
"622",1,1,2,3,3,4,2,1,2,2,1,2,1,6
"623",1,1,1,2,2,3,2,1,2,2,2,2,1,3
"624",1,1,2,2,1,2,2,2,2,2,2,2,1,7
"625",2,2,1,1,1,1,2,1,2,2,1,1,1,5
"626",2,1,2,2,2,2,2,2,2,2,1,2,2,3
"627",1,2,2,2,1,2,2,1,2,1,2,2,1,3
"628",2,2,2,2,1,1,2,2,2,2,1,2,1,5
"629",2,1,1,2,3,2,2,2,2,2,2,2,3,5
"630",2,2,1,2,1,2,2,2,2,2,2,2,3,5
"631",1,2,2,2,1,2,2,1,2,1,2,3,1,5
"632",2,1,2,2,2,2,2,1,2,1,1,2,1,5
"633",2,1,2,3,1,2,2,2,2,2,1,2,1,4
"634",2,1,2,2,2,2,2,2,2,2,2,2,1,4
"635",2,1,2,2,2,2,2,2,2,2,2,3,3,5
"636",1,1,2,4,4,4,2,1,2,2,2,4,1,3
"637",2,2,2,2,3,3,2,1,2,2,2,1,1,5
